state,year,week,week_cases,m_accum,f_accum
Aguascalientes,2014,2,,,
Baja California,2014,2,2.0,1.0,1.0
Baja California Sur,2014,2,,,
Campeche,2014,2,,,
Coahuila,2014,2,,,
Colima,2014,2,,,
Chiapas,2014,2,,,
Chihuahua,2014,2,,,
Distrito Federal,2014,2,,,
Durango,2014,2,,,
Guanajuato,2014,2,,,
Guerrero,2014,2,,,
Hidalgo,2014,2,,,
Jalisco,2014,2,,,
México,2014,2,,,
Michoacán,2014,2,1.0,,1.0
Morelos,2014,2,,,
Nayarit,2014,2,,,
Nuevo León,2014,2,,,
Oaxaca,2014,2,,,
Puebla,2014,2,,,
Querétaro,2014,2,,,
Quintana Roo,2014,2,,,
San Luis Potosí,2014,2,,,
Sinaloa,2014,2,,,
Sonora,2014,2,,,
Tabasco,2014,2,,,
Tamaulipas,2014,2,,,
Tlaxcala,2014,2,,,
Veracruz,2014,2,,,
Yucatán,2014,2,,,
Zacatecas,2014,2,,,
Aguascalientes,2014,3,,,
Baja California,2014,3,7.0,3.0,6.0
Baja California Sur,2014,3,3.0,1.0,2.0
Campeche,2014,3,,,
Coahuila,2014,3,,,
Colima,2014,3,,,
Chiapas,2014,3,,,
Chihuahua,2014,3,,,
Distrito Federal,2014,3,,,
Durango,2014,3,,,
Guanajuato,2014,3,,,
Guerrero,2014,3,,,
Hidalgo,2014,3,,,
Jalisco,2014,3,,,
México,2014,3,,,
Michoacán,2014,3,,,1.0
Morelos,2014,3,,,
Nayarit,2014,3,,,
Nuevo León,2014,3,,,
Oaxaca,2014,3,,,
Puebla,2014,3,,,
Querétaro,2014,3,,,
Quintana Roo,2014,3,,,
San Luis Potosí,2014,3,,,
Sinaloa,2014,3,,,
Sonora,2014,3,,,
Tabasco,2014,3,,,
Tamaulipas,2014,3,,,
Tlaxcala,2014,3,,,
Veracruz,2014,3,,,
Yucatán,2014,3,,,
Zacatecas,2014,3,,,
Aguascalientes,2014,4,,,
Baja California,2014,4,6.0,5.0,10.0
Baja California Sur,2014,4,,1.0,2.0
Campeche,2014,4,,,
Coahuila,2014,4,,,
Colima,2014,4,,,
Chiapas,2014,4,,,
Chihuahua,2014,4,,,
Distrito Federal,2014,4,,,
Durango,2014,4,,,
Guanajuato,2014,4,,,
Guerrero,2014,4,,,
Hidalgo,2014,4,,,
Jalisco,2014,4,,,
México,2014,4,,,
Michoacán,2014,4,,,1.0
Morelos,2014,4,,,
Nayarit,2014,4,,,
Nuevo León,2014,4,,,
Oaxaca,2014,4,,,
Puebla,2014,4,,,
Querétaro,2014,4,,,
Quintana Roo,2014,4,,,
San Luis Potosí,2014,4,,,
Sinaloa,2014,4,,,
Sonora,2014,4,,,
Tabasco,2014,4,,,
Tamaulipas,2014,4,,,
Tlaxcala,2014,4,,,
Veracruz,2014,4,,,
Yucatán,2014,4,,,
Zacatecas,2014,4,,,
Aguascalientes,2014,5,,,
Baja California,2014,5,,5.0,10.0
Baja California Sur,2014,5,1.0,1.0,3.0
Campeche,2014,5,,,
Coahuila,2014,5,,,
Colima,2014,5,,,
Chiapas,2014,5,,,
Chihuahua,2014,5,,,
Distrito Federal,2014,5,,,
Durango,2014,5,,,
Guanajuato,2014,5,,,
Guerrero,2014,5,,,
Hidalgo,2014,5,,,
Jalisco,2014,5,,,
México,2014,5,,,
Michoacán,2014,5,1.0,,2.0
Morelos,2014,5,,,
Nayarit,2014,5,,,
Nuevo León,2014,5,,,
Oaxaca,2014,5,,,
Puebla,2014,5,,,
Querétaro,2014,5,,,
Quintana Roo,2014,5,,,
San Luis Potosí,2014,5,,,
Sinaloa,2014,5,,,
Sonora,2014,5,,,
Tabasco,2014,5,,,
Tamaulipas,2014,5,,,
Tlaxcala,2014,5,,,
Veracruz,2014,5,,,
Yucatán,2014,5,,,
Zacatecas,2014,5,,,
Aguascalientes,2014,6,,,
Baja California,2014,6,3.0,5.0,13.0
Baja California Sur,2014,6,,1.0,3.0
Campeche,2014,6,,,
Coahuila,2014,6,,,
Colima,2014,6,,,
Chiapas,2014,6,,,
Chihuahua,2014,6,,,
Distrito Federal,2014,6,,,
Durango,2014,6,,,
Guanajuato,2014,6,,,
Guerrero,2014,6,,,
Hidalgo,2014,6,,,
Jalisco,2014,6,,,
México,2014,6,,,
Michoacán,2014,6,3.0,1.0,4.0
Morelos,2014,6,,,
Nayarit,2014,6,,,
Nuevo León,2014,6,,,
Oaxaca,2014,6,,,
Puebla,2014,6,,,
Querétaro,2014,6,,,
Quintana Roo,2014,6,,,
San Luis Potosí,2014,6,,,
Sinaloa,2014,6,,,
Sonora,2014,6,,,
Tabasco,2014,6,,,
Tamaulipas,2014,6,,,
Tlaxcala,2014,6,,,
Veracruz,2014,6,,,
Yucatán,2014,6,,,
Zacatecas,2014,6,,,
Aguascalientes,2014,7,,,
Baja California,2014,7,1.0,5.0,14.0
Baja California Sur,2014,7,,1.0,3.0
Campeche,2014,7,,,
Coahuila,2014,7,,,
Colima,2014,7,,,
Chiapas,2014,7,,,
Chihuahua,2014,7,,,
Distrito Federal,2014,7,,,
Durango,2014,7,,,
Guanajuato,2014,7,,,
Guerrero,2014,7,,,
Hidalgo,2014,7,,,
Jalisco,2014,7,,,
México,2014,7,,,
Michoacán,2014,7,,1.0,4.0
Morelos,2014,7,,,
Nayarit,2014,7,,,
Nuevo León,2014,7,,,
Oaxaca,2014,7,,,
Puebla,2014,7,,,
Querétaro,2014,7,,,
Quintana Roo,2014,7,,,
San Luis Potosí,2014,7,,,
Sinaloa,2014,7,,,
Sonora,2014,7,,,
Tabasco,2014,7,,,
Tamaulipas,2014,7,,,
Tlaxcala,2014,7,,,
Veracruz,2014,7,,,
Yucatán,2014,7,,,
Zacatecas,2014,7,,,
Aguascalientes,2014,8,,,
Baja California,2014,8,,5.0,14.0
Baja California Sur,2014,8,,1.0,3.0
Campeche,2014,8,,,
Coahuila,2014,8,,,
Colima,2014,8,,,
Chiapas,2014,8,,,
Chihuahua,2014,8,,,
Distrito Federal,2014,8,,,
Durango,2014,8,,,
Guanajuato,2014,8,,,
Guerrero,2014,8,,,
Hidalgo,2014,8,,,
Jalisco,2014,8,,,
México,2014,8,,,
Michoacán,2014,8,,1.0,4.0
Morelos,2014,8,,,
Nayarit,2014,8,,,
Nuevo León,2014,8,,,
Oaxaca,2014,8,,,
Puebla,2014,8,,,
Querétaro,2014,8,,,
Quintana Roo,2014,8,,,
San Luis Potosí,2014,8,,,
Sinaloa,2014,8,,,
Sonora,2014,8,,,
Tabasco,2014,8,,,
Tamaulipas,2014,8,,,
Tlaxcala,2014,8,,,
Veracruz,2014,8,,,
Yucatán,2014,8,,,
Zacatecas,2014,8,,,
Aguascalientes,2014,9,,,
Baja California,2014,9,,5.0,14.0
Baja California Sur,2014,9,,1.0,3.0
Campeche,2014,9,,,
Coahuila,2014,9,,,
Colima,2014,9,,,
Chiapas,2014,9,,,
Chihuahua,2014,9,,,
Distrito Federal,2014,9,,,
Durango,2014,9,,,
Guanajuato,2014,9,,,
Guerrero,2014,9,,,
Hidalgo,2014,9,,,
Jalisco,2014,9,,,
México,2014,9,,,
Michoacán,2014,9,,1.0,4.0
Morelos,2014,9,,,
Nayarit,2014,9,,,
Nuevo León,2014,9,,,
Oaxaca,2014,9,,,
Puebla,2014,9,,,
Querétaro,2014,9,,,
Quintana Roo,2014,9,,,
San Luis Potosí,2014,9,,,
Sinaloa,2014,9,,,
Sonora,2014,9,,,
Tabasco,2014,9,,,
Tamaulipas,2014,9,,,
Tlaxcala,2014,9,,,
Veracruz,2014,9,,,
Yucatán,2014,9,,,
Zacatecas,2014,9,,,
Aguascalientes,2014,10,,,
Baja California,2014,10,,5.0,14.0
Baja California Sur,2014,10,,1.0,3.0
Campeche,2014,10,,,
Coahuila,2014,10,4.0,4.0,
Colima,2014,10,,,
Chiapas,2014,10,,,
Chihuahua,2014,10,,,
Distrito Federal,2014,10,,,
Durango,2014,10,,,
Guanajuato,2014,10,,,
Guerrero,2014,10,,,
Hidalgo,2014,10,,,
Jalisco,2014,10,,,
México,2014,10,,,
Michoacán,2014,10,,1.0,3.0
Morelos,2014,10,,,
Nayarit,2014,10,,,
Nuevo León,2014,10,1.0,,1.0
Oaxaca,2014,10,,,
Puebla,2014,10,,,
Querétaro,2014,10,,,
Quintana Roo,2014,10,,,
San Luis Potosí,2014,10,,,
Sinaloa,2014,10,,,
Sonora,2014,10,1.0,,1.0
Tabasco,2014,10,,,
Tamaulipas,2014,10,,,
Tlaxcala,2014,10,,,
Veracruz,2014,10,,,
Yucatán,2014,10,,,
Zacatecas,2014,10,,,
Aguascalientes,2014,11,,,
Baja California,2014,11,,5.0,14.0
Baja California Sur,2014,11,,1.0,3.0
Campeche,2014,11,,,
Coahuila,2014,11,1.0,5.0,
Colima,2014,11,,,
Chiapas,2014,11,,,
Chihuahua,2014,11,,,
Distrito Federal,2014,11,,,
Durango,2014,11,,,
Guanajuato,2014,11,,,
Guerrero,2014,11,,,
Hidalgo,2014,11,,,
Jalisco,2014,11,,,
México,2014,11,,,
Michoacán,2014,11,,1.0,3.0
Morelos,2014,11,,,
Nayarit,2014,11,,,
Nuevo León,2014,11,,,1.0
Oaxaca,2014,11,,,
Puebla,2014,11,,,
Querétaro,2014,11,,,
Quintana Roo,2014,11,,,
San Luis Potosí,2014,11,,,
Sinaloa,2014,11,,,
Sonora,2014,11,3.0,1.0,3.0
Tabasco,2014,11,,,
Tamaulipas,2014,11,,,
Tlaxcala,2014,11,,,
Veracruz,2014,11,,,
Yucatán,2014,11,,,
Zacatecas,2014,11,,,
Aguascalientes,2014,12,,,
Baja California,2014,12,,5.0,14.0
Baja California Sur,2014,12,,1.0,3.0
Campeche,2014,12,,,
Coahuila,2014,12,2.0,5.0,2.0
Colima,2014,12,,,
Chiapas,2014,12,,,
Chihuahua,2014,12,,,
Distrito Federal,2014,12,,,
Durango,2014,12,,,
Guanajuato,2014,12,,,
Guerrero,2014,12,,,
Hidalgo,2014,12,,,
Jalisco,2014,12,,,
México,2014,12,,,
Michoacán,2014,12,,1.0,2.0
Morelos,2014,12,,,
Nayarit,2014,12,,,
Nuevo León,2014,12,,,1.0
Oaxaca,2014,12,,,
Puebla,2014,12,,,
Querétaro,2014,12,,,
Quintana Roo,2014,12,,,
San Luis Potosí,2014,12,,,
Sinaloa,2014,12,,,
Sonora,2014,12,,1.0,3.0
Tabasco,2014,12,,,
Tamaulipas,2014,12,,,
Tlaxcala,2014,12,,,
Veracruz,2014,12,,,
Yucatán,2014,12,,,
Zacatecas,2014,12,,,
Aguascalientes,2014,13,,,
Baja California,2014,13,,5.0,14.0
Baja California Sur,2014,13,,1.0,3.0
Campeche,2014,13,,,
Coahuila,2014,13,2.0,7.0,2.0
Colima,2014,13,,,
Chiapas,2014,13,,,
Chihuahua,2014,13,,,
Distrito Federal,2014,13,,,
Durango,2014,13,,,
Guanajuato,2014,13,,,
Guerrero,2014,13,1.0,1.0,
Hidalgo,2014,13,,,
Jalisco,2014,13,,,
México,2014,13,,,
Michoacán,2014,13,,,
Morelos,2014,13,,,
Nayarit,2014,13,,,
Nuevo León,2014,13,,,2.0
Oaxaca,2014,13,,,
Puebla,2014,13,,,
Querétaro,2014,13,,,
Quintana Roo,2014,13,,,
San Luis Potosí,2014,13,,,
Sinaloa,2014,13,,,
Sonora,2014,13,2.0,1.0,5.0
Tabasco,2014,13,,,
Tamaulipas,2014,13,,,
Tlaxcala,2014,13,,,
Veracruz,2014,13,,,
Yucatán,2014,13,,,
Zacatecas,2014,13,,,
Aguascalientes,2014,14,,,
Baja California,2014,14,,5.0,14.0
Baja California Sur,2014,14,,1.0,3.0
Campeche,2014,14,,,
Coahuila,2014,14,2.0,9.0,5.0
Colima,2014,14,,,
Chiapas,2014,14,,,
Chihuahua,2014,14,,,
Distrito Federal,2014,14,,,
Durango,2014,14,,,
Guanajuato,2014,14,,,
Guerrero,2014,14,,1.0,
Hidalgo,2014,14,,,
Jalisco,2014,14,,,
México,2014,14,,,
Michoacán,2014,14,,,
Morelos,2014,14,,,
Nayarit,2014,14,,,
Nuevo León,2014,14,,,2.0
Oaxaca,2014,14,,,
Puebla,2014,14,,,
Querétaro,2014,14,,,
Quintana Roo,2014,14,,,
San Luis Potosí,2014,14,,,
Sinaloa,2014,14,,,
Sonora,2014,14,,1.0,5.0
Tabasco,2014,14,,,
Tamaulipas,2014,14,,,
Tlaxcala,2014,14,,,
Veracruz,2014,14,,,
Yucatán,2014,14,,,
Zacatecas,2014,14,,,
Aguascalientes,2014,15,,,
Baja California,2014,15,,5.0,14.0
Baja California Sur,2014,15,,1.0,3.0
Campeche,2014,15,,,
Coahuila,2014,15,3.0,10.0,7.0
Colima,2014,15,,,
Chiapas,2014,15,,,
Chihuahua,2014,15,,,
Distrito Federal,2014,15,,,
Durango,2014,15,,,
Guanajuato,2014,15,,,
Guerrero,2014,15,,1.0,
Hidalgo,2014,15,,,
Jalisco,2014,15,,,
México,2014,15,,,
Michoacán,2014,15,,,
Morelos,2014,15,,,
Nayarit,2014,15,,,
Nuevo León,2014,15,,,2.0
Oaxaca,2014,15,,,
Puebla,2014,15,,,
Querétaro,2014,15,,,
Quintana Roo,2014,15,,,
San Luis Potosí,2014,15,,,
Sinaloa,2014,15,,,
Sonora,2014,15,1.0,1.0,6.0
Tabasco,2014,15,,,
Tamaulipas,2014,15,,,
Tlaxcala,2014,15,,,
Veracruz,2014,15,,,
Yucatán,2014,15,,,
Zacatecas,2014,15,,,
Aguascalientes,2014,16,,,
Baja California,2014,16,,5.0,14.0
Baja California Sur,2014,16,,1.0,3.0
Campeche,2014,16,,,
Coahuila,2014,16,1.0,11.0,7.0
Colima,2014,16,,,
Chiapas,2014,16,,,
Chihuahua,2014,16,,,
Distrito Federal,2014,16,,,
Durango,2014,16,,,
Guanajuato,2014,16,,,
Guerrero,2014,16,,1.0,
Hidalgo,2014,16,,,
Jalisco,2014,16,,,
México,2014,16,,,
Michoacán,2014,16,,,
Morelos,2014,16,,,
Nayarit,2014,16,,,
Nuevo León,2014,16,,,2.0
Oaxaca,2014,16,,,
Puebla,2014,16,,,
Querétaro,2014,16,,,
Quintana Roo,2014,16,,,
San Luis Potosí,2014,16,,,
Sinaloa,2014,16,,,
Sonora,2014,16,2.0,1.0,8.0
Tabasco,2014,16,,,
Tamaulipas,2014,16,,,
Tlaxcala,2014,16,,,
Veracruz,2014,16,,,
Yucatán,2014,16,,,
Zacatecas,2014,16,,,
Aguascalientes,2014,17,,,
Baja California,2014,17,,5.0,14.0
Baja California Sur,2014,17,,1.0,3.0
Campeche,2014,17,,,
Coahuila,2014,17,2.0,12.0,8.0
Colima,2014,17,,,
Chiapas,2014,17,,,
Chihuahua,2014,17,,,
Distrito Federal,2014,17,,,
Durango,2014,17,,,
Guanajuato,2014,17,,,
Guerrero,2014,17,,1.0,
Hidalgo,2014,17,,,
Jalisco,2014,17,,,
México,2014,17,,,
Michoacán,2014,17,,,
Morelos,2014,17,,,
Nayarit,2014,17,,,
Nuevo León,2014,17,,,4.0
Oaxaca,2014,17,,,
Puebla,2014,17,,,
Querétaro,2014,17,,,
Quintana Roo,2014,17,,,
San Luis Potosí,2014,17,,,
Sinaloa,2014,17,,,
Sonora,2014,17,1.0,1.0,9.0
Tabasco,2014,17,,,
Tamaulipas,2014,17,,,
Tlaxcala,2014,17,,,
Veracruz,2014,17,,,
Yucatán,2014,17,,,
Zacatecas,2014,17,,,
Aguascalientes,2014,18,,,
Baja California,2014,18,,5.0,14.0
Baja California Sur,2014,18,1.0,1.0,4.0
Campeche,2014,18,,,
Coahuila,2014,18,2.0,12.0,10.0
Colima,2014,18,,,
Chiapas,2014,18,,,
Chihuahua,2014,18,,,
Distrito Federal,2014,18,,,
Durango,2014,18,,,
Guanajuato,2014,18,,,
Guerrero,2014,18,1.0,2.0,
Hidalgo,2014,18,,,
Jalisco,2014,18,,,
México,2014,18,,,
Michoacán,2014,18,,,
Morelos,2014,18,,,
Nayarit,2014,18,,,
Nuevo León,2014,18,,,4.0
Oaxaca,2014,18,,,
Puebla,2014,18,,,
Querétaro,2014,18,,,
Quintana Roo,2014,18,,,
San Luis Potosí,2014,18,,,
Sinaloa,2014,18,,,
Sonora,2014,18,1.0,1.0,10.0
Tabasco,2014,18,,,
Tamaulipas,2014,18,,,
Tlaxcala,2014,18,,,
Veracruz,2014,18,,,
Yucatán,2014,18,,,
Zacatecas,2014,18,,,
Aguascalientes,2014,19,,,
Baja California,2014,19,,5.0,14.0
Baja California Sur,2014,19,,1.0,4.0
Campeche,2014,19,,,
Coahuila,2014,19,1.0,12.0,11.0
Colima,2014,19,,,
Chiapas,2014,19,,,
Chihuahua,2014,19,,,
Distrito Federal,2014,19,,,
Durango,2014,19,,,
Guanajuato,2014,19,,,
Guerrero,2014,19,,2.0,
Hidalgo,2014,19,,,
Jalisco,2014,19,,,
México,2014,19,,,
Michoacán,2014,19,,,
Morelos,2014,19,,,
Nayarit,2014,19,,,
Nuevo León,2014,19,,,4.0
Oaxaca,2014,19,,,
Puebla,2014,19,,,
Querétaro,2014,19,,,
Quintana Roo,2014,19,,,
San Luis Potosí,2014,19,,,
Sinaloa,2014,19,,,
Sonora,2014,19,1.0,1.0,11.0
Tabasco,2014,19,,,
Tamaulipas,2014,19,,,
Tlaxcala,2014,19,,,
Veracruz,2014,19,,,
Yucatán,2014,19,,,
Zacatecas,2014,19,,,
Aguascalientes,2014,20,,,
Baja California,2014,20,3.0,6.0,16.0
Baja California Sur,2014,20,1.0,1.0,5.0
Campeche,2014,20,,,
Coahuila,2014,20,1.0,13.0,11.0
Colima,2014,20,,,
Chiapas,2014,20,,,
Chihuahua,2014,20,,,
Distrito Federal,2014,20,,,
Durango,2014,20,,,
Guanajuato,2014,20,,,
Guerrero,2014,20,,2.0,
Hidalgo,2014,20,,,
Jalisco,2014,20,,,
México,2014,20,,,
Michoacán,2014,20,,,
Morelos,2014,20,,,
Nayarit,2014,20,,,
Nuevo León,2014,20,,,4.0
Oaxaca,2014,20,,,
Puebla,2014,20,,,
Querétaro,2014,20,,,
Quintana Roo,2014,20,,,
San Luis Potosí,2014,20,,,
Sinaloa,2014,20,,,
Sonora,2014,20,,1.0,11.0
Tabasco,2014,20,,,
Tamaulipas,2014,20,,,
Tlaxcala,2014,20,,,
Veracruz,2014,20,,,
Yucatán,2014,20,,,
Zacatecas,2014,20,,,
Aguascalientes,2014,21,,,
Baja California,2014,21,,6.0,16.0
Baja California Sur,2014,21,,1.0,5.0
Campeche,2014,21,,,
Coahuila,2014,21,1.0,13.0,12.0
Colima,2014,21,,,
Chiapas,2014,21,,,
Chihuahua,2014,21,,,
Distrito Federal,2014,21,,,
Durango,2014,21,,,
Guanajuato,2014,21,,,
Guerrero,2014,21,,2.0,
Hidalgo,2014,21,,,
Jalisco,2014,21,,,
México,2014,21,,,
Michoacán,2014,21,,,
Morelos,2014,21,,,
Nayarit,2014,21,,,
Nuevo León,2014,21,,,4.0
Oaxaca,2014,21,,,
Puebla,2014,21,,,
Querétaro,2014,21,,,
Quintana Roo,2014,21,,,
San Luis Potosí,2014,21,,,
Sinaloa,2014,21,,,
Sonora,2014,21,,1.0,11.0
Tabasco,2014,21,,,
Tamaulipas,2014,21,,,
Tlaxcala,2014,21,,,
Veracruz,2014,21,,,
Yucatán,2014,21,,,
Zacatecas,2014,21,,,
Aguascalientes,2014,22,,,
Baja California,2014,22,3.0,5.0,13.0
Baja California Sur,2014,22,,1.0,5.0
Campeche,2014,22,,,
Coahuila,2014,22,2.0,13.0,14.0
Colima,2014,22,,,
Chiapas,2014,22,,,
Chihuahua,2014,22,,,
Distrito Federal,2014,22,,,
Durango,2014,22,,,
Guanajuato,2014,22,,,
Guerrero,2014,22,,2.0,
Hidalgo,2014,22,,,
Jalisco,2014,22,,,
México,2014,22,,,
Michoacán,2014,22,,,
Morelos,2014,22,,,
Nayarit,2014,22,,,
Nuevo León,2014,22,,,4.0
Oaxaca,2014,22,,,
Puebla,2014,22,,,
Querétaro,2014,22,,,
Quintana Roo,2014,22,,,
San Luis Potosí,2014,22,,,
Sinaloa,2014,22,,,
Sonora,2014,22,2.0,3.0,12.0
Tabasco,2014,22,,,
Tamaulipas,2014,22,,,
Tlaxcala,2014,22,,,
Veracruz,2014,22,,,
Yucatán,2014,22,,,
Zacatecas,2014,22,,,
Aguascalientes,2014,23,,,
Baja California,2014,23,,5.0,13.0
Baja California Sur,2014,23,1.0,1.0,6.0
Campeche,2014,23,,,
Coahuila,2014,23,4.0,16.0,15.0
Colima,2014,23,,,
Chiapas,2014,23,,,
Chihuahua,2014,23,,,
Distrito Federal,2014,23,,,
Durango,2014,23,,,
Guanajuato,2014,23,,,
Guerrero,2014,23,,2.0,
Hidalgo,2014,23,,,
Jalisco,2014,23,,,
México,2014,23,,,
Michoacán,2014,23,,,
Morelos,2014,23,,,
Nayarit,2014,23,,,
Nuevo León,2014,23,,,4.0
Oaxaca,2014,23,,,
Puebla,2014,23,,,
Querétaro,2014,23,,,
Quintana Roo,2014,23,,,
San Luis Potosí,2014,23,,,
Sinaloa,2014,23,,,
Sonora,2014,23,3.0,5.0,13.0
Tabasco,2014,23,,,
Tamaulipas,2014,23,,,
Tlaxcala,2014,23,,,
Veracruz,2014,23,,,
Yucatán,2014,23,,,
Zacatecas,2014,23,,,
Aguascalientes,2014,24,,,
Baja California,2014,24,3.0,7.0,14.0
Baja California Sur,2014,24,2.0,1.0,8.0
Campeche,2014,24,,,
Coahuila,2014,24,,16.0,15.0
Colima,2014,24,,,
Chiapas,2014,24,,,
Chihuahua,2014,24,,,
Distrito Federal,2014,24,,,
Durango,2014,24,,,
Guanajuato,2014,24,,,
Guerrero,2014,24,,2.0,
Hidalgo,2014,24,,,
Jalisco,2014,24,,,
México,2014,24,,,
Michoacán,2014,24,,,
Morelos,2014,24,,,
Nayarit,2014,24,,,
Nuevo León,2014,24,,,4.0
Oaxaca,2014,24,,,
Puebla,2014,24,,,
Querétaro,2014,24,,,
Quintana Roo,2014,24,,,
San Luis Potosí,2014,24,,,
Sinaloa,2014,24,,,
Sonora,2014,24,2.0,7.0,13.0
Tabasco,2014,24,,,
Tamaulipas,2014,24,,,
Tlaxcala,2014,24,,,
Veracruz,2014,24,,,
Yucatán,2014,24,,,
Zacatecas,2014,24,,,1.0
Aguascalientes,2014,25,,,
Baja California,2014,25,1.0,8.0,14.0
Baja California Sur,2014,25,,1.0,8.0
Campeche,2014,25,,,
Coahuila,2014,25,1.0,16.0,17.0
Colima,2014,25,,,
Chiapas,2014,25,,,
Chihuahua,2014,25,,,
Distrito Federal,2014,25,,,
Durango,2014,25,,,
Guanajuato,2014,25,,,
Guerrero,2014,25,,2.0,
Hidalgo,2014,25,,,
Jalisco,2014,25,,,
México,2014,25,,,
Michoacán,2014,25,,,
Morelos,2014,25,,,
Nayarit,2014,25,,,
Nuevo León,2014,25,,,4.0
Oaxaca,2014,25,,,
Puebla,2014,25,,,
Querétaro,2014,25,,,
Quintana Roo,2014,25,,,
San Luis Potosí,2014,25,,,
Sinaloa,2014,25,,,
Sonora,2014,25,2.0,7.0,15.0
Tabasco,2014,25,,,
Tamaulipas,2014,25,,,
Tlaxcala,2014,25,,,
Veracruz,2014,25,,,
Yucatán,2014,25,,,
Zacatecas,2014,25,,,
Aguascalientes,2014,26,,,
Baja California,2014,26,,10.0,17.0
Baja California Sur,2014,26,,1.0,8.0
Campeche,2014,26,,,
Coahuila,2014,26,1.0,16.0,18.0
Colima,2014,26,,,
Chiapas,2014,26,,,
Chihuahua,2014,26,,,
Distrito Federal,2014,26,,,
Durango,2014,26,,,
Guanajuato,2014,26,,,
Guerrero,2014,26,,2.0,
Hidalgo,2014,26,,,
Jalisco,2014,26,,,
México,2014,26,,,
Michoacán,2014,26,,,
Morelos,2014,26,,,
Nayarit,2014,26,,,
Nuevo León,2014,26,,,4.0
Oaxaca,2014,26,,,
Puebla,2014,26,,,
Querétaro,2014,26,,,
Quintana Roo,2014,26,,,
San Luis Potosí,2014,26,,,
Sinaloa,2014,26,,,
Sonora,2014,26,1.0,8.0,16.0
Tabasco,2014,26,,,
Tamaulipas,2014,26,,,
Tlaxcala,2014,26,,,
Veracruz,2014,26,,,
Yucatán,2014,26,,,
Zacatecas,2014,26,,,
Aguascalientes,2014,27,,,
Baja California,2014,27,2.0,10.0,19.0
Baja California Sur,2014,27,2.0,2.0,9.0
Campeche,2014,27,,,
Coahuila,2014,27,,16.0,19.0
Colima,2014,27,,,
Chiapas,2014,27,,,
Chihuahua,2014,27,,,
Distrito Federal,2014,27,,,
Durango,2014,27,,,
Guanajuato,2014,27,,,
Guerrero,2014,27,,2.0,
Hidalgo,2014,27,,,
Jalisco,2014,27,,,
México,2014,27,,,
Michoacán,2014,27,,,
Morelos,2014,27,,,
Nayarit,2014,27,,,
Nuevo León,2014,27,,,4.0
Oaxaca,2014,27,,,
Puebla,2014,27,,,
Querétaro,2014,27,,,
Quintana Roo,2014,27,,,
San Luis Potosí,2014,27,,,
Sinaloa,2014,27,,,
Sonora,2014,27,8.0,8.0,25.0
Tabasco,2014,27,,,
Tamaulipas,2014,27,,,
Tlaxcala,2014,27,,,
Veracruz,2014,27,,,
Yucatán,2014,27,,,
Zacatecas,2014,27,,,
Aguascalientes,2014,28,,,
Baja California,2014,28,1.0,10.0,20.0
Baja California Sur,2014,28,5.0,3.0,13.0
Campeche,2014,28,,,
Coahuila,2014,28,1.0,16.0,20.0
Colima,2014,28,,,
Chiapas,2014,28,,,
Chihuahua,2014,28,,,
Distrito Federal,2014,28,,,
Durango,2014,28,,,
Guanajuato,2014,28,,,
Guerrero,2014,28,,2.0,
Hidalgo,2014,28,,,
Jalisco,2014,28,,,
México,2014,28,,,
Michoacán,2014,28,,,
Morelos,2014,28,,,
Nayarit,2014,28,,,
Nuevo León,2014,28,,,4.0
Oaxaca,2014,28,,,
Puebla,2014,28,,,
Querétaro,2014,28,,,
Quintana Roo,2014,28,,,
San Luis Potosí,2014,28,,,
Sinaloa,2014,28,,,
Sonora,2014,28,1.0,8.0,22.0
Tabasco,2014,28,,,
Tamaulipas,2014,28,,,
Tlaxcala,2014,28,,,
Veracruz,2014,28,,,
Yucatán,2014,28,,,
Zacatecas,2014,28,,,
Aguascalientes,2014,29,,,
Baja California,2014,29,,10.0,20.0
Baja California Sur,2014,29,1.0,3.0,14.0
Campeche,2014,29,,,
Coahuila,2014,29,2.0,17.0,21.0
Colima,2014,29,,,
Chiapas,2014,29,,,
Chihuahua,2014,29,,,
Distrito Federal,2014,29,,,
Durango,2014,29,,,
Guanajuato,2014,29,,,
Guerrero,2014,29,,2.0,
Hidalgo,2014,29,,,
Jalisco,2014,29,,,
México,2014,29,,,
Michoacán,2014,29,,,
Morelos,2014,29,,,
Nayarit,2014,29,,,
Nuevo León,2014,29,,,4.0
Oaxaca,2014,29,,,
Puebla,2014,29,,,
Querétaro,2014,29,,,
Quintana Roo,2014,29,,,
San Luis Potosí,2014,29,,,
Sinaloa,2014,29,,,
Sonora,2014,29,2.0,8.0,24.0
Tabasco,2014,29,,,
Tamaulipas,2014,29,,,
Tlaxcala,2014,29,,,
Veracruz,2014,29,,,
Yucatán,2014,29,,,
Zacatecas,2014,29,,,
Aguascalientes,2014,30,,,
Baja California,2014,30,,10.0,20.0
Baja California Sur,2014,30,1.0,3.0,15.0
Campeche,2014,30,,,
Coahuila,2014,30,,17.0,21.0
Colima,2014,30,,,
Chiapas,2014,30,,,
Chihuahua,2014,30,,,
Distrito Federal,2014,30,,,
Durango,2014,30,,,
Guanajuato,2014,30,,,
Guerrero,2014,30,,2.0,
Hidalgo,2014,30,,,
Jalisco,2014,30,,,
México,2014,30,,,
Michoacán,2014,30,,,
Morelos,2014,30,,,
Nayarit,2014,30,,,
Nuevo León,2014,30,,,4.0
Oaxaca,2014,30,,,
Puebla,2014,30,,,
Querétaro,2014,30,,,
Quintana Roo,2014,30,,,
San Luis Potosí,2014,30,,,
Sinaloa,2014,30,,,
Sonora,2014,30,,8.0,24.0
Tabasco,2014,30,,,
Tamaulipas,2014,30,,,
Tlaxcala,2014,30,,,
Veracruz,2014,30,,,
Yucatán,2014,30,,,
Zacatecas,2014,30,,,
Aguascalientes,2014,31,,,
Baja California,2014,31,1.0,10.0,21.0
Baja California Sur,2014,31,,3.0,15.0
Campeche,2014,31,,,
Coahuila,2014,31,,17.0,21.0
Colima,2014,31,,,
Chiapas,2014,31,,,
Chihuahua,2014,31,,,
Distrito Federal,2014,31,,,
Durango,2014,31,,,
Guanajuato,2014,31,1.0,1.0,
Guerrero,2014,31,,2.0,
Hidalgo,2014,31,,,
Jalisco,2014,31,,,
México,2014,31,,,
Michoacán,2014,31,,,
Morelos,2014,31,,,
Nayarit,2014,31,,,
Nuevo León,2014,31,,,4.0
Oaxaca,2014,31,,,
Puebla,2014,31,,,
Querétaro,2014,31,,,
Quintana Roo,2014,31,,,
San Luis Potosí,2014,31,,,
Sinaloa,2014,31,,,
Sonora,2014,31,3.0,10.0,25.0
Tabasco,2014,31,,,
Tamaulipas,2014,31,,,
Tlaxcala,2014,31,,,
Veracruz,2014,31,,,
Yucatán,2014,31,,,
Zacatecas,2014,31,,,
Aguascalientes,2014,32,,,
Baja California,2014,32,,10.0,24.0
Baja California Sur,2014,32,1.0,3.0,16.0
Campeche,2014,32,,,
Coahuila,2014,32,1.0,18.0,23.0
Colima,2014,32,,,
Chiapas,2014,32,,,
Chihuahua,2014,32,,,
Distrito Federal,2014,32,,,
Durango,2014,32,,,
Guanajuato,2014,32,,1.0,
Guerrero,2014,32,2.0,2.0,2.0
Hidalgo,2014,32,,,
Jalisco,2014,32,,,
México,2014,32,,,
Michoacán,2014,32,,,
Morelos,2014,32,,,
Nayarit,2014,32,,,
Nuevo León,2014,32,,4.0,6.0
Oaxaca,2014,32,,,
Puebla,2014,32,,,
Querétaro,2014,32,,,
Quintana Roo,2014,32,,,
San Luis Potosí,2014,32,,,
Sinaloa,2014,32,,,
Sonora,2014,32,4.0,13.0,26.0
Tabasco,2014,32,,,
Tamaulipas,2014,32,,,
Tlaxcala,2014,32,,,
Veracruz,2014,32,,,
Yucatán,2014,32,,,
Zacatecas,2014,32,,,
Aguascalientes,2014,33,,,
Baja California,2014,33,,10.0,24.0
Baja California Sur,2014,33,1.0,3.0,17.0
Campeche,2014,33,,,
Coahuila,2014,33,,22.0,29.0
Colima,2014,33,,,
Chiapas,2014,33,,,
Chihuahua,2014,33,,,
Distrito Federal,2014,33,,,
Durango,2014,33,,,
Guanajuato,2014,33,,1.0,
Guerrero,2014,33,,2.0,2.0
Hidalgo,2014,33,,,
Jalisco,2014,33,,,
México,2014,33,,,
Michoacán,2014,33,,,
Morelos,2014,33,,,
Nayarit,2014,33,,,
Nuevo León,2014,33,,4.0,6.0
Oaxaca,2014,33,,,
Puebla,2014,33,,,
Querétaro,2014,33,,,
Quintana Roo,2014,33,,,
San Luis Potosí,2014,33,,,
Sinaloa,2014,33,1.0,,1.0
Sonora,2014,33,1.0,15.0,15.0
Tabasco,2014,33,,,
Tamaulipas,2014,33,,,
Tlaxcala,2014,33,,,
Veracruz,2014,33,,,
Yucatán,2014,33,,,
Zacatecas,2014,33,,,
Aguascalientes,2014,34,,,
Baja California,2014,34,,10.0,24.0
Baja California Sur,2014,34,1.0,3.0,18.0
Campeche,2014,34,,,
Coahuila,2014,34,,22.0,29.0
Colima,2014,34,,,
Chiapas,2014,34,,,
Chihuahua,2014,34,,,
Distrito Federal,2014,34,,,
Durango,2014,34,,,
Guanajuato,2014,34,,1.0,
Guerrero,2014,34,,,2.0
Hidalgo,2014,34,,,
Jalisco,2014,34,,,
México,2014,34,,,
Michoacán,2014,34,,,
Morelos,2014,34,,,
Nayarit,2014,34,,,
Nuevo León,2014,34,,4.0,6.0
Oaxaca,2014,34,,,
Puebla,2014,34,,,
Querétaro,2014,34,,,
Quintana Roo,2014,34,,,
San Luis Potosí,2014,34,,,
Sinaloa,2014,34,,,1.0
Sonora,2014,34,3.0,16.0,17.0
Tabasco,2014,34,,,
Tamaulipas,2014,34,,,
Tlaxcala,2014,34,,,
Veracruz,2014,34,,,
Yucatán,2014,34,,,
Zacatecas,2014,34,,,
Aguascalientes,2014,35,,,
Baja California,2014,35,,10.0,24.0
Baja California Sur,2014,35,,2.0,15.0
Campeche,2014,35,,,
Coahuila,2014,35,,32.0,42.0
Colima,2014,35,,,
Chiapas,2014,35,,,
Chihuahua,2014,35,,2.0,2.0
Distrito Federal,2014,35,,,
Durango,2014,35,,,
Guanajuato,2014,35,,1.0,
Guerrero,2014,35,,1.0,2.0
Hidalgo,2014,35,,,
Jalisco,2014,35,,,
México,2014,35,,,
Michoacán,2014,35,,,
Morelos,2014,35,,,
Nayarit,2014,35,,,
Nuevo León,2014,35,,4.0,13.0
Oaxaca,2014,35,,,
Puebla,2014,35,,,
Querétaro,2014,35,,,
Quintana Roo,2014,35,,,2.0
San Luis Potosí,2014,35,,,
Sinaloa,2014,35,,,3.0
Sonora,2014,35,3.0,18.0,23.0
Tabasco,2014,35,,,
Tamaulipas,2014,35,,,
Tlaxcala,2014,35,,,
Veracruz,2014,35,,,
Yucatán,2014,35,,,
Zacatecas,2014,35,,,
Aguascalientes,2014,36,,,
Baja California,2014,36,,10.0,24.0
Baja California Sur,2014,36,1.0,3.0,15.0
Campeche,2014,36,,,
Coahuila,2014,36,2.0,33.0,43.0
Colima,2014,36,,,
Chiapas,2014,36,,,
Chihuahua,2014,36,1.0,2.0,3.0
Distrito Federal,2014,36,,,
Durango,2014,36,,,
Guanajuato,2014,36,,1.0,
Guerrero,2014,36,,1.0,2.0
Hidalgo,2014,36,,,
Jalisco,2014,36,,,
México,2014,36,,,
Michoacán,2014,36,,,
Morelos,2014,36,,,
Nayarit,2014,36,,,
Nuevo León,2014,36,,4.0,13.0
Oaxaca,2014,36,,,
Puebla,2014,36,,,
Querétaro,2014,36,,,
Quintana Roo,2014,36,,,
San Luis Potosí,2014,36,,,
Sinaloa,2014,36,1.0,,4.0
Sonora,2014,36,,18.0,23.0
Tabasco,2014,36,,,
Tamaulipas,2014,36,,,
Tlaxcala,2014,36,,,
Veracruz,2014,36,,,
Yucatán,2014,36,,,
Zacatecas,2014,36,,,
Aguascalientes,2014,37,,,
Baja California,2014,37,,10.0,24.0
Baja California Sur,2014,37,1.0,3.0,16.0
Campeche,2014,37,,,
Coahuila,2014,37,1.0,33.0,44.0
Colima,2014,37,,,
Chiapas,2014,37,,,
Chihuahua,2014,37,,2.0,3.0
Distrito Federal,2014,37,,,
Durango,2014,37,,,
Guanajuato,2014,37,,1.0,
Guerrero,2014,37,,1.0,2.0
Hidalgo,2014,37,,,
Jalisco,2014,37,,,
México,2014,37,,,
Michoacán,2014,37,,,
Morelos,2014,37,,,
Nayarit,2014,37,,,
Nuevo León,2014,37,,4.0,13.0
Oaxaca,2014,37,,,
Puebla,2014,37,,,
Querétaro,2014,37,,,
Quintana Roo,2014,37,,,
San Luis Potosí,2014,37,,,
Sinaloa,2014,37,1.0,1.0,4.0
Sonora,2014,37,1.0,18.0,24.0
Tabasco,2014,37,,,
Tamaulipas,2014,37,,,
Tlaxcala,2014,37,,,
Veracruz,2014,37,,,
Yucatán,2014,37,,,
Zacatecas,2014,37,,,
Aguascalientes,2014,38,,,
Baja California,2014,38,5.0,12.0,27.0
Baja California Sur,2014,38,,2.0,11.0
Campeche,2014,38,,,
Coahuila,2014,38,2.0,33.0,46.0
Colima,2014,38,,,
Chiapas,2014,38,,,
Chihuahua,2014,38,,2.0,3.0
Distrito Federal,2014,38,,,
Durango,2014,38,,,
Guanajuato,2014,38,,1.0,
Guerrero,2014,38,,1.0,2.0
Hidalgo,2014,38,,,
Jalisco,2014,38,,,
México,2014,38,,,
Michoacán,2014,38,,,
Morelos,2014,38,,,
Nayarit,2014,38,,,
Nuevo León,2014,38,1.0,5.0,13.0
Oaxaca,2014,38,,,
Puebla,2014,38,,,
Querétaro,2014,38,,,
Quintana Roo,2014,38,,,
San Luis Potosí,2014,38,,,
Sinaloa,2014,38,,1.0,4.0
Sonora,2014,38,3.0,20.0,25.0
Tabasco,2014,38,,,
Tamaulipas,2014,38,,,
Tlaxcala,2014,38,,,
Veracruz,2014,38,,,
Yucatán,2014,38,,,
Zacatecas,2014,38,,,
Aguascalientes,2014,39,,,
Baja California,2014,39,1.0,12.0,28.0
Baja California Sur,2014,39,1.0,4.0,14.0
Campeche,2014,39,,,
Coahuila,2014,39,1.0,34.0,46.0
Colima,2014,39,,,
Chiapas,2014,39,,,
Chihuahua,2014,39,,2.0,3.0
Distrito Federal,2014,39,,,
Durango,2014,39,,,
Guanajuato,2014,39,,1.0,
Guerrero,2014,39,,1.0,2.0
Hidalgo,2014,39,,,
Jalisco,2014,39,,,
México,2014,39,,,
Michoacán,2014,39,,,
Morelos,2014,39,,,
Nayarit,2014,39,,,
Nuevo León,2014,39,,5.0,13.0
Oaxaca,2014,39,,,
Puebla,2014,39,,,
Querétaro,2014,39,,,
Quintana Roo,2014,39,3.0,,
San Luis Potosí,2014,39,,,
Sinaloa,2014,39,,1.0,4.0
Sonora,2014,39,1.0,20.0,26.0
Tabasco,2014,39,,,
Tamaulipas,2014,39,,,
Tlaxcala,2014,39,,,
Veracruz,2014,39,,,
Yucatán,2014,39,,,
Zacatecas,2014,39,,,
Aguascalientes,2014,40,,,
Baja California,2014,40,1.0,12.0,29.0
Baja California Sur,2014,40,2.0,5.0,15.0
Campeche,2014,40,,,
Coahuila,2014,40,,34.0,46.0
Colima,2014,40,,,
Chiapas,2014,40,,,
Chihuahua,2014,40,,2.0,3.0
Distrito Federal,2014,40,,,
Durango,2014,40,1.0,,1.0
Guanajuato,2014,40,,1.0,
Guerrero,2014,40,,1.0,2.0
Hidalgo,2014,40,,,
Jalisco,2014,40,,,
México,2014,40,,,
Michoacán,2014,40,,,
Morelos,2014,40,,,
Nayarit,2014,40,,,
Nuevo León,2014,40,,5.0,13.0
Oaxaca,2014,40,,,
Puebla,2014,40,,,
Querétaro,2014,40,,,
Quintana Roo,2014,40,,,
San Luis Potosí,2014,40,,,
Sinaloa,2014,40,,1.0,4.0
Sonora,2014,40,1.0,21.0,26.0
Tabasco,2014,40,,,
Tamaulipas,2014,40,,,
Tlaxcala,2014,40,,,
Veracruz,2014,40,,,
Yucatán,2014,40,,,
Zacatecas,2014,40,,,
Aguascalientes,2014,41,,,
Baja California,2014,41,,12.0,29.0
Baja California Sur,2014,41,2.0,6.0,18.0
Campeche,2014,41,,,
Coahuila,2014,41,,34.0,46.0
Colima,2014,41,,,
Chiapas,2014,41,,,
Chihuahua,2014,41,,2.0,3.0
Distrito Federal,2014,41,,,
Durango,2014,41,,,1.0
Guanajuato,2014,41,,1.0,
Guerrero,2014,41,,1.0,2.0
Hidalgo,2014,41,,,
Jalisco,2014,41,,,
México,2014,41,,,
Michoacán,2014,41,,,
Morelos,2014,41,,,
Nayarit,2014,41,,,
Nuevo León,2014,41,,5.0,13.0
Oaxaca,2014,41,,,
Puebla,2014,41,,,
Querétaro,2014,41,,,
Quintana Roo,2014,41,,,
San Luis Potosí,2014,41,,,
Sinaloa,2014,41,,1.0,4.0
Sonora,2014,41,1.0,21.0,27.0
Tabasco,2014,41,,,
Tamaulipas,2014,41,,,
Tlaxcala,2014,41,,,
Veracruz,2014,41,,,
Yucatán,2014,41,,,
Zacatecas,2014,41,,,
Aguascalientes,2014,42,,,
Baja California,2014,42,,12.0,29.0
Baja California Sur,2014,42,2.0,6.0,20.0
Campeche,2014,42,,,
Coahuila,2014,42,1.0,34.0,47.0
Colima,2014,42,,,
Chiapas,2014,42,,,
Chihuahua,2014,42,,2.0,3.0
Distrito Federal,2014,42,,,
Durango,2014,42,,,1.0
Guanajuato,2014,42,,1.0,
Guerrero,2014,42,,1.0,2.0
Hidalgo,2014,42,,,
Jalisco,2014,42,,,
México,2014,42,,,
Michoacán,2014,42,,,
Morelos,2014,42,,,
Nayarit,2014,42,,,
Nuevo León,2014,42,,5.0,14.0
Oaxaca,2014,42,,,
Puebla,2014,42,,,
Querétaro,2014,42,,,
Quintana Roo,2014,42,,,
San Luis Potosí,2014,42,,,
Sinaloa,2014,42,,1.0,4.0
Sonora,2014,42,,21.0,29.0
Tabasco,2014,42,,,
Tamaulipas,2014,42,,,
Tlaxcala,2014,42,,,
Veracruz,2014,42,,,
Yucatán,2014,42,,,
Zacatecas,2014,42,,,
Aguascalientes,2014,43,,,
Baja California,2014,43,,12.0,29.0
Baja California Sur,2014,43,1.0,6.0,21.0
Campeche,2014,43,,,
Coahuila,2014,43,1.0,34.0,48.0
Colima,2014,43,,,
Chiapas,2014,43,,,
Chihuahua,2014,43,,2.0,3.0
Distrito Federal,2014,43,,,
Durango,2014,43,,,1.0
Guanajuato,2014,43,,1.0,
Guerrero,2014,43,,1.0,2.0
Hidalgo,2014,43,,,
Jalisco,2014,43,,,
México,2014,43,,,
Michoacán,2014,43,,,
Morelos,2014,43,,,
Nayarit,2014,43,,,
Nuevo León,2014,43,,5.0,14.0
Oaxaca,2014,43,,,
Puebla,2014,43,,,
Querétaro,2014,43,,,
Quintana Roo,2014,43,,,
San Luis Potosí,2014,43,,,
Sinaloa,2014,43,,1.0,4.0
Sonora,2014,43,,21.0,29.0
Tabasco,2014,43,,,
Tamaulipas,2014,43,,,
Tlaxcala,2014,43,,,
Veracruz,2014,43,,,
Yucatán,2014,43,,,
Zacatecas,2014,43,,,
Aguascalientes,2014,44,,,
Baja California,2014,44,,12.0,29.0
Baja California Sur,2014,44,1.0,6.0,22.0
Campeche,2014,44,,,
Coahuila,2014,44,1.0,34.0,49.0
Colima,2014,44,,,
Chiapas,2014,44,,,
Chihuahua,2014,44,,2.0,3.0
Distrito Federal,2014,44,,,
Durango,2014,44,,1.0,1.0
Guanajuato,2014,44,,1.0,
Guerrero,2014,44,,1.0,2.0
Hidalgo,2014,44,,,
Jalisco,2014,44,,,
México,2014,44,,,
Michoacán,2014,44,,,
Morelos,2014,44,,,
Nayarit,2014,44,,,
Nuevo León,2014,44,,5.0,14.0
Oaxaca,2014,44,,,
Puebla,2014,44,,,
Querétaro,2014,44,,,
Quintana Roo,2014,44,,,
San Luis Potosí,2014,44,,,
Sinaloa,2014,44,,1.0,4.0
Sonora,2014,44,1.0,21.0,30.0
Tabasco,2014,44,,,
Tamaulipas,2014,44,,,
Tlaxcala,2014,44,,,
Veracruz,2014,44,,,
Yucatán,2014,44,,,
Zacatecas,2014,44,,,
Aguascalientes,2014,45,,,
Baja California,2014,45,,12.0,29.0
Baja California Sur,2014,45,2.0,6.0,24.0
Campeche,2014,45,,,
Coahuila,2014,45,,34.0,49.0
Colima,2014,45,,,
Chiapas,2014,45,,,
Chihuahua,2014,45,,2.0,3.0
Distrito Federal,2014,45,,,
Durango,2014,45,,1.0,1.0
Guanajuato,2014,45,,1.0,
Guerrero,2014,45,,1.0,2.0
Hidalgo,2014,45,,,
Jalisco,2014,45,,,
México,2014,45,,,
Michoacán,2014,45,,,
Morelos,2014,45,,,
Nayarit,2014,45,,,
Nuevo León,2014,45,,5.0,14.0
Oaxaca,2014,45,,,
Puebla,2014,45,,,
Querétaro,2014,45,,,
Quintana Roo,2014,45,,,
San Luis Potosí,2014,45,,,
Sinaloa,2014,45,,1.0,4.0
Sonora,2014,45,1.0,21.0,31.0
Tabasco,2014,45,,,
Tamaulipas,2014,45,,,
Tlaxcala,2014,45,,,
Veracruz,2014,45,,,
Yucatán,2014,45,,,
Zacatecas,2014,45,,,
Aguascalientes,2014,46,,,
Baja California,2014,46,,12.0,29.0
Baja California Sur,2014,46,1.0,7.0,24.0
Campeche,2014,46,,,
Coahuila,2014,46,1.0,35.0,49.0
Colima,2014,46,,,
Chiapas,2014,46,,,
Chihuahua,2014,46,,2.0,3.0
Distrito Federal,2014,46,,,
Durango,2014,46,,1.0,1.0
Guanajuato,2014,46,,1.0,
Guerrero,2014,46,,1.0,2.0
Hidalgo,2014,46,,,
Jalisco,2014,46,,,
México,2014,46,,,
Michoacán,2014,46,,,
Morelos,2014,46,,,
Nayarit,2014,46,,,
Nuevo León,2014,46,,5.0,14.0
Oaxaca,2014,46,,,
Puebla,2014,46,,,
Querétaro,2014,46,,,
Quintana Roo,2014,46,,,
San Luis Potosí,2014,46,,,
Sinaloa,2014,46,3.0,1.0,7.0
Sonora,2014,46,,21.0,31.0
Tabasco,2014,46,,,
Tamaulipas,2014,46,,,
Tlaxcala,2014,46,,,
Veracruz,2014,46,,,
Yucatán,2014,46,,,
Zacatecas,2014,46,,,
Aguascalientes,2014,47,,,
Baja California,2014,47,,12.0,29.0
Baja California Sur,2014,47,1.0,7.0,25.0
Campeche,2014,47,,,
Coahuila,2014,47,,35.0,49.0
Colima,2014,47,,,
Chiapas,2014,47,,,
Chihuahua,2014,47,,2.0,3.0
Distrito Federal,2014,47,,,
Durango,2014,47,,1.0,1.0
Guanajuato,2014,47,,1.0,
Guerrero,2014,47,,1.0,2.0
Hidalgo,2014,47,,,
Jalisco,2014,47,,,
México,2014,47,,,
Michoacán,2014,47,,,
Morelos,2014,47,,,
Nayarit,2014,47,,,
Nuevo León,2014,47,,5.0,14.0
Oaxaca,2014,47,,,
Puebla,2014,47,,,
Querétaro,2014,47,,,
Quintana Roo,2014,47,,,
San Luis Potosí,2014,47,1.0,1.0,8.0
Sinaloa,2014,47,1.0,21.0,34.0
Sonora,2014,47,,,
Tabasco,2014,47,,,
Tamaulipas,2014,47,,,
Tlaxcala,2014,47,,,
Veracruz,2014,47,,,
Yucatán,2014,47,,,
Zacatecas,2014,47,3.0,86.0,165.0
Aguascalientes,2014,48,,,
Baja California,2014,48,,12.0,29.0
Baja California Sur,2014,48,,7.0,25.0
Campeche,2014,48,,,
Coahuila,2014,48,,35.0,49.0
Colima,2014,48,,,
Chiapas,2014,48,,,
Chihuahua,2014,48,,2.0,3.0
Distrito Federal,2014,48,,,
Durango,2014,48,,1.0,1.0
Guanajuato,2014,48,1.0,2.0,
Guerrero,2014,48,,1.0,2.0
Hidalgo,2014,48,,,
Jalisco,2014,48,,,
México,2014,48,,,
Michoacán,2014,48,,,
Morelos,2014,48,,,
Nayarit,2014,48,,,
Nuevo León,2014,48,,5.0,14.0
Oaxaca,2014,48,,,
Puebla,2014,48,,,
Querétaro,2014,48,,,
Quintana Roo,2014,48,,,
San Luis Potosí,2014,48,,,
Sinaloa,2014,48,,1.0,8.0
Sonora,2014,48,,24.0,35.0
Tabasco,2014,48,,,
Tamaulipas,2014,48,,,
Tlaxcala,2014,48,,,
Veracruz,2014,48,,,
Yucatán,2014,48,,,
Zacatecas,2014,48,,,
Aguascalientes,2014,49,,,
Baja California,2014,49,,12.0,29.0
Baja California Sur,2014,49,,7.0,25.0
Campeche,2014,49,,,
Coahuila,2014,49,1.0,36.0,52.0
Colima,2014,49,,,
Chiapas,2014,49,,,
Chihuahua,2014,49,,2.0,3.0
Distrito Federal,2014,49,,,
Durango,2014,49,,1.0,1.0
Guanajuato,2014,49,,2.0,
Guerrero,2014,49,,1.0,2.0
Hidalgo,2014,49,,,
Jalisco,2014,49,,,
México,2014,49,,,
Michoacán,2014,49,,,
Morelos,2014,49,,,
Nayarit,2014,49,,,
Nuevo León,2014,49,,5.0,14.0
Oaxaca,2014,49,,,
Puebla,2014,49,,,
Querétaro,2014,49,,,
Quintana Roo,2014,49,,,
San Luis Potosí,2014,49,,,
Sinaloa,2014,49,,1.0,8.0
Sonora,2014,49,,24.0,35.0
Tabasco,2014,49,,,
Tamaulipas,2014,49,,,
Tlaxcala,2014,49,,,
Veracruz,2014,49,,,
Yucatán,2014,49,,,
Zacatecas,2014,49,,,
Aguascalientes,2014,50,,,
Baja California,2014,50,,12.0,29.0
Baja California Sur,2014,50,1.0,8.0,25.0
Campeche,2014,50,,,
Coahuila,2014,50,,36.0,52.0
Colima,2014,50,,,
Chiapas,2014,50,,,
Chihuahua,2014,50,,2.0,3.0
Distrito Federal,2014,50,,,
Durango,2014,50,,1.0,1.0
Guanajuato,2014,50,,2.0,
Guerrero,2014,50,,1.0,2.0
Hidalgo,2014,50,,,
Jalisco,2014,50,,,
México,2014,50,,,
Michoacán,2014,50,,,
Morelos,2014,50,,,
Nayarit,2014,50,,,
Nuevo León,2014,50,1.0,5.0,15.0
Oaxaca,2014,50,,,
Puebla,2014,50,,,
Querétaro,2014,50,,,
Quintana Roo,2014,50,,,
San Luis Potosí,2014,50,,,
Sinaloa,2014,50,,1.0,8.0
Sonora,2014,50,,24.0,35.0
Tabasco,2014,50,,,
Tamaulipas,2014,50,,,
Tlaxcala,2014,50,,,
Veracruz,2014,50,,,
Yucatán,2014,50,,,
Zacatecas,2014,50,,,
Aguascalientes,2014,51,,,
Baja California,2014,51,,12.0,29.0
Baja California Sur,2014,51,,8.0,25.0
Campeche,2014,51,,,
Coahuila,2014,51,,36.0,52.0
Colima,2014,51,,,
Chiapas,2014,51,,,
Chihuahua,2014,51,,2.0,3.0
Distrito Federal,2014,51,,,
Durango,2014,51,,1.0,1.0
Guanajuato,2014,51,,2.0,
Guerrero,2014,51,,1.0,2.0
Hidalgo,2014,51,,,
Jalisco,2014,51,,,
México,2014,51,,,
Michoacán,2014,51,,,
Morelos,2014,51,,,
Nayarit,2014,51,,,
Nuevo León,2014,51,,5.0,16.0
Oaxaca,2014,51,,,
Puebla,2014,51,,,
Querétaro,2014,51,,,
Quintana Roo,2014,51,,,
San Luis Potosí,2014,51,,,
Sinaloa,2014,51,,1.0,8.0
Sonora,2014,51,2.0,26.0,35.0
Tabasco,2014,51,,,
Tamaulipas,2014,51,,,
Tlaxcala,2014,51,,,
Veracruz,2014,51,,,
Yucatán,2014,51,,,
Zacatecas,2014,51,,,
Aguascalientes,2014,52,,,
Baja California,2014,52,,12.0,29.0
Baja California Sur,2014,52,,8.0,25.0
Campeche,2014,52,,,
Coahuila,2014,52,,36.0,52.0
Colima,2014,52,,,
Chiapas,2014,52,,,
Chihuahua,2014,52,,2.0,3.0
Distrito Federal,2014,52,,,
Durango,2014,52,,1.0,1.0
Guanajuato,2014,52,,2.0,
Guerrero,2014,52,,1.0,2.0
Hidalgo,2014,52,,,
Jalisco,2014,52,,,
México,2014,52,,,
Michoacán,2014,52,,,
Morelos,2014,52,,,
Nayarit,2014,52,,,
Nuevo León,2014,52,,5.0,16.0
Oaxaca,2014,52,,,
Puebla,2014,52,,,
Querétaro,2014,52,,,
Quintana Roo,2014,52,,,
San Luis Potosí,2014,52,,,
Sinaloa,2014,52,1.0,1.0,9.0
Sonora,2014,52,,26.0,35.0
Tabasco,2014,52,,,
Tamaulipas,2014,52,,,
Tlaxcala,2014,52,,,
Veracruz,2014,52,,,
Yucatán,2014,52,,,
Zacatecas,2014,52,,,
Aguascalientes,2014,53,,,
Baja California,2014,53,,12.0,29.0
Baja California Sur,2014,53,,8.0,25.0
Campeche,2014,53,,,
Coahuila,2014,53,,36.0,52.0
Colima,2014,53,,,
Chiapas,2014,53,,,
Chihuahua,2014,53,,2.0,3.0
Distrito Federal,2014,53,,,
Durango,2014,53,,1.0,1.0
Guanajuato,2014,53,,2.0,
Guerrero,2014,53,,1.0,2.0
Hidalgo,2014,53,,,
Jalisco,2014,53,,,
México,2014,53,,,
Michoacán,2014,53,,,
Morelos,2014,53,,,
Nayarit,2014,53,,,
Nuevo León,2014,53,,5.0,16.0
Oaxaca,2014,53,,,
Puebla,2014,53,,,
Querétaro,2014,53,,,
Quintana Roo,2014,53,,,
San Luis Potosí,2014,53,,,
Sinaloa,2014,53,,1.0,9.0
Sonora,2014,53,2.0,28.0,35.0
Tabasco,2014,53,,,
Tamaulipas,2014,53,,,
Tlaxcala,2014,53,,,
Veracruz,2014,53,,,
Yucatán,2014,53,,,
Zacatecas,2014,53,,,
